Date,Reliance,HDFC Bank,Infosys,NIFTY50
2023-05-22,1120.6990966796875,798.6755981445312,1185.662353515625,18314.400390625
2023-05-23,1120.49365234375,796.8018188476562,1192.3114013671875,18348.0
2023-05-24,1113.9656982421875,786.3868408203125,1191.027587890625,18285.400390625
2023-05-25,1113.828857421875,783.3693237304688,1196.255126953125,18321.150390625
2023-05-26,1144.208740234375,786.3868408203125,1208.26953125,18499.349609375
2023-05-29,1150.6453857421875,795.9744873046875,1205.47216796875,18598.650390625
2023-05-30,1150.3486328125,796.5828857421875,1214.1390380859375,18633.849609375
2023-05-31,1127.5009765625,783.9777221679688,1209.049072265625,18534.400390625
2023-06-01,1124.4652099609375,780.6439208984375,1210.149658203125,18487.75
2023-06-02,1120.7904052734375,781.860595703125,1207.3612060546875,18534.099609375
2023-06-05,1130.8563232421875,780.8385620117188,1212.4732666015625,18593.849609375
2023-06-06,1131.8148193359375,778.4052124023438,1188.772216796875,18599.0
2023-06-07,1140.3970947265625,782.4446411132812,1198.020263671875,18726.400390625
2023-06-08,1141.081787109375,782.9312744140625,1192.30419921875,18634.55078125
2023-06-09,1133.001708984375,783.8560791015625,1176.6427001953125,18563.400390625
2023-06-12,1134.0059814453125,779.0865478515625,1200.8087158203125,18601.5
2023-06-13,1150.759521484375,780.4005126953125,1212.798583984375,18716.150390625
2023-06-14,1164.910888671875,779.548828125,1208.66259765625,18755.900390625
2023-06-15,1165.23046875,769.961181640625,1196.0218505859375,18688.099609375
2023-06-16,1176.574462890625,780.0355224609375,1200.5296630859375,18826.0
2023-06-19,1164.88818359375,780.7169189453125,1202.714111328125,18755.44921875
2023-06-20,1167.3074951171875,782.3473510742188,1211.450927734375,18816.69921875
2023-06-21,1170.5943603515625,796.023193359375,1207.6866455078125,18856.849609375
2023-06-22,1157.4471435546875,799.9166870117188,1191.1424560546875,18771.25
2023-06-23,1147.9749755859375,799.8680419921875,1175.759765625,18665.5
2023-06-26,1139.210205078125,795.9988403320312,1180.732421875,18691.19921875
2023-06-27,1139.62109375,807.2169799804688,1188.91162109375,18817.400390625
2023-06-28,1154.708251953125,815.75830078125,1202.10986328125,18972.099609375
2023-06-30,1164.1805419921875,828.047119140625,1241.286376953125,19189.05078125
2023-07-03,1194.058349609375,837.0021362304688,1239.61328125,19322.55078125
2023-07-04,1181.7557373046875,841.09033203125,1250.2557373046875,19389.0
2023-07-05,1179.8155517578125,814.3712158203125,1252.2540283203125,19398.5
2023-07-06,1204.5804443359375,815.1986083984375,1249.09375,19497.30078125
2023-07-07,1202.2294921875,808.093017578125,1236.3602294921875,19331.80078125
2023-07-10,1248.541015625,806.1705932617188,1235.384521484375,19355.900390625
2023-07-11,1262.0760498046875,802.2528076171875,1253.462158203125,19439.400390625
2023-07-12,1263.468505859375,794.7334594726562,1239.2415771484375,19384.30078125
2023-07-13,1252.1702880859375,798.699951171875,1268.79833984375,19413.75
2023-07-14,1251.1202392578125,800.354736328125,1325.35546875,19564.5
2023-07-17,1276.6842041015625,817.0966796875,1322.5670166015625,19711.44921875
2023-07-18,1287.52587890625,816.4153442382812,1371.131103515625,19749.25
2023-07-19,1297.294921875,820.1140747070312,1370.8988037109375,19833.150390625
2023-07-20,1295.7239990234375,821.8905029296875,1347.244140625,19979.150390625
2023-07-21,1255.6134033203125,815.5636596679688,1237.661376953125,19745.0
2023-07-24,1230.216796875,816.8533325195312,1242.3087158203125,19672.349609375
2023-07-25,1229.425537109375,825.7110595703125,1240.4498291015625,19680.599609375
2023-07-26,1249.4063720703125,822.8395385742188,1253.694580078125,19778.30078125
2023-07-27,1237.7838134765625,814.2982788085938,1257.691162109375,19659.900390625
2023-07-28,1250.2225341796875,799.8680419921875,1245.93359375,19646.05078125
2023-07-31,1260.8065185546875,803.6154174804688,1260.061279296875,19753.80078125
2023-08-01,1242.9769287109375,808.993408203125,1268.89111328125,19733.55078125
2023-08-02,1229.697509765625,798.407958984375,1261.1302490234375,19526.55078125
2023-08-03,1224.529052734375,792.6407470703125,1268.0546875,19381.650390625
2023-08-04,1241.1717529296875,804.1021118164062,1281.1134033203125,19517.0
2023-08-07,1248.244384765625,803.6398315429688,1294.72998046875,19597.30078125
2023-08-08,1240.7264404296875,802.9828491210938,1292.1275634765625,19570.849609375
2023-08-09,1248.911865234375,803.2747802734375,1296.03125,19632.55078125
2023-08-10,1254.475830078125,796.1448364257812,1291.10498046875,19543.099609375
2023-08-11,1259.767822265625,787.8468627929688,1275.0718994140625,19428.30078125
2023-08-14,1274.6546630859375,784.0020751953125,1295.2412109375,19434.55078125
2023-08-16,1273.6160888671875,781.714599609375,1318.4310302734375,19465.0
2023-08-17,1255.2425537109375,777.3831787109375,1311.971435546875,19365.25
2023-08-18,1264.5406494140625,774.1953125,1290.826416015625,19310.150390625
2023-08-21,1250.74267578125,773.5869140625,1306.2552490234375,19393.599609375
2023-08-22,1250.44482421875,770.2775268554688,1304.7216796875,19396.44921875
2023-08-23,1251.8345947265625,772.175537109375,1308.625244140625,19444.0
2023-08-24,1230.7904052734375,768.622802734375,1323.171142578125,19386.69921875
2023-08-25,1225.1075439453125,759.9597778320312,1319.9180908203125,19265.80078125
2023-08-28,1212.897705078125,767.868408203125,1315.7822265625,19306.05078125
2023-08-29,1201.2838134765625,773.976318359375,1317.64111328125,19342.650390625
2023-08-30,1200.142333984375,768.3307495117188,1333.9063720703125,19347.44921875
2023-08-31,1194.6578369140625,764.80224609375,1334.185302734375,19253.80078125
2023-09-01,1197.4619140625,766.384033203125,1341.9927978515625,19435.30078125
2023-09-04,1196.494140625,771.177978515625,1361.7435302734375,19528.80078125
2023-09-05,1202.89697265625,766.4813842773438,1374.570068359375,19574.900390625
2023-09-06,1205.4281005859375,776.507080078125,1373.2222900390625,19611.05078125
2023-09-07,1207.06591796875,783.9777221679688,1362.765869140625,19727.05078125
2023-09-08,1215.1064453125,790.0856323242188,1365.92626953125,19819.94921875
2023-09-11,1228.20947265625,794.173828125,1372.2928466796875,19996.349609375
2023-09-12,1210.4658203125,796.6558837890625,1395.203857421875,19993.19921875
2023-09-13,1216.52099609375,800.0626831054688,1392.64794921875,20070.0
2023-09-14,1217.6376953125,799.5759887695312,1400.6412353515625,20103.099609375
2023-09-15,1219.89599609375,808.7500610351562,1404.96337890625,20192.349609375
2023-09-18,1209.274658203125,792.83544921875,1386.56005859375,20133.30078125
2023-09-20,1182.3240966796875,761.030517578125,1385.1195068359375,19901.400390625
2023-09-21,1173.7127685546875,755.9932861328125,1395.80810546875,19742.349609375
2023-09-22,1168.823974609375,744.4588623046875,1390.6031494140625,19674.25
2023-09-25,1161.6273193359375,745.1158447265625,1370.1551513671875,19674.55078125
2023-09-26,1162.644775390625,748.352294921875,1357.6075439453125,19664.69921875
2023-09-27,1175.747802734375,743.0960693359375,1363.509521484375,19716.44921875
2023-09-28,1158.4757080078125,741.5630493164062,1337.903076171875,19523.55078125
2023-09-29,1163.8856201171875,742.8284301757812,1334.185302734375,19638.30078125
2023-10-03,1150.5592041015625,733.9464111328125,1332.8375244140625,19528.75
2023-10-04,1148.5738525390625,744.41015625,1342.4573974609375,19436.099609375
2023-10-05,1148.5491943359375,747.4276123046875,1360.2099609375,19545.75
2023-10-06,1150.4847412109375,746.600341796875,1374.3841552734375,19653.5
2023-10-09,1140.6822509765625,737.937255859375,1371.3634033203125,19512.349609375
2023-10-10,1145.719970703125,742.1227416992188,1389.673828125,19689.849609375
2023-10-11,1163.910400390625,749.3013305664062,1388.9766845703125,19811.349609375
2023-10-12,1166.0693359375,754.2899169921875,1362.1153564453125,19794.0
2023-10-13,1166.019775390625,747.4276123046875,1330.1885986328125,19751.05078125
2023-10-16,1163.4140625,744.4345092773438,1332.97705078125,19731.75
2023-10-17,1168.972900390625,750.0800170898438,1340.6915283203125,19811.5
2023-10-18,1153.4627685546875,739.6406860351562,1338.925537109375,19671.099609375
2023-10-19,1144.603271484375,737.3045654296875,1332.5123291015625,19624.69921875
2023-10-20,1141.104248046875,741.125,1326.563720703125,19542.650390625
2023-10-23,1123.2860107421875,732.9730834960938,1309.27587890625,19281.75
2023-10-25,1120.680419921875,728.3252563476562,1289.88134765625,19122.150390625
2023-10-26,1105.07080078125,712.2159423828125,1279.901611328125,18857.25
2023-10-27,1124.5765380859375,715.014404296875,1299.57861328125,19047.25
2023-10-30,1147.7550048828125,722.7770385742188,1296.4716796875,19140.900390625
2023-10-31,1135.5452880859375,718.5914916992188,1288.327880859375,19079.599609375
2023-11-01,1140.2603759765625,717.6181030273438,1274.91162109375,18989.150390625
2023-11-02,1151.57666015625,718.713134765625,1289.9755859375,19133.25
2023-11-03,1151.3284912109375,722.1199951171875,1307.76953125,19230.599609375
2023-11-06,1160.9075927734375,727.351806640625,1321.185791015625,19411.75
2023-11-07,1153.3634033203125,723.8233642578125,1322.127197265625,19406.69921875
2023-11-08,1159.3690185546875,725.9161376953125,1309.60546875,19443.5
2023-11-09,1146.787109375,723.044677734375,1294.3533935546875,19395.30078125
2023-11-10,1148.9461669921875,725.8917236328125,1288.75146484375,19425.349609375
2023-11-13,1148.79736328125,724.5776977539062,1293.176513671875,19443.55078125
2023-11-15,1169.5684814453125,732.1700439453125,1327.96435546875,19675.44921875
2023-11-16,1171.6778564453125,734.0924072265625,1360.3515625,19765.19921875
2023-11-17,1169.121826171875,732.5106811523438,1353.431640625,19731.80078125
2023-11-20,1166.0445556640625,732.559326171875,1352.5372314453125,19694.0
2023-11-21,1180.7109375,738.7645874023438,1354.796630859375,19783.400390625
2023-11-22,1185.3267822265625,736.1365356445312,1372.49658203125,19811.849609375
2023-11-23,1188.9500732421875,740.39501953125,1364.447021484375,19802.0
2023-11-24,1188.1558837890625,745.6512451171875,1353.2904052734375,19794.69921875
2023-11-28,1188.404052734375,743.97216796875,1358.2801513671875,19889.69921875
2023-11-29,1191.5308837890625,758.8161010742188,1374.191162109375,20096.599609375
2023-11-30,1179.9913330078125,758.645751953125,1370.001708984375,20133.150390625
2023-12-01,1188.3544921875,756.9910278320312,1367.3184814453125,20267.900390625
2023-12-04,1201.2093505859375,783.2720336914062,1378.663330078125,20686.80078125
2023-12-05,1209.919921875,790.2315673828125,1368.871826171875,20855.099609375
2023-12-06,1221.5091552734375,792.2271118164062,1388.03125,20937.69921875
2023-12-07,1219.4989013671875,793.5167236328125,1380.1226806640625,20901.150390625
2023-12-08,1218.8536376953125,804.5888671875,1403.89501953125,20969.400390625
2023-12-11,1220.6405029296875,803.5181274414062,1401.400146484375,20997.099609375
2023-12-12,1203.1201171875,795.5364379882812,1389.6787109375,20906.400390625
2023-12-13,1208.03369140625,793.7357788085938,1364.2115478515625,20926.349609375
2023-12-14,1223.0228271484375,803.1044921875,1413.592529296875,21182.69921875
2023-12-15,1238.63232421875,806.2192993164062,1486.0396728515625,21456.650390625
2023-12-18,1251.239013671875,805.8055419921875,1472.811767578125,21418.650390625
2023-12-19,1269.6527099609375,804.44287109375,1467.1158447265625,21453.099609375
2023-12-20,1254.2913818359375,806.438232421875,1446.497314453125,21150.150390625
2023-12-21,1271.8614501953125,820.8927612304688,1446.1207275390625,21255.05078125
2023-12-22,1273.102294921875,813.1788330078125,1471.44677734375,21349.400390625
2023-12-26,1279.554443359375,818.824462890625,1453.6055908203125,21441.349609375
2023-12-27,1283.9222412109375,828.9718627929688,1475.4010009765625,21654.75
2023-12-28,1293.2034912109375,829.9208374023438,1471.211181640625,21778.69921875
2023-12-29,1282.97900390625,831.8676147460938,1452.6170654296875,21731.400390625
2024-01-01,1285.609619140625,826.4410400390625,1460.572509765625,21741.900390625
2024-01-02,1296.255859375,826.927734375,1444.6142578125,21665.80078125
2024-01-03,1282.16015625,814.1765747070312,1402.8123779296875,21517.349609375
2024-01-04,1288.7860107421875,822.91259765625,1424.18408203125,21658.599609375
2024-01-05,1294.2705078125,818.7027587890625,1442.8726806640625,21710.80078125
2024-01-08,1284.1702880859375,809.577392578125,1433.6932373046875,21513.0
2024-01-09,1280.7705078125,803.2747802734375,1439.812744140625,21544.849609375
2024-01-10,1315.3148193359375,805.9271850585938,1430.9627685546875,21618.69921875
2024-01-11,1349.9088134765625,802.5447998046875,1406.7667236328125,21647.19921875
2024-01-12,1360.6541748046875,798.7485961914062,1518.3797607421875,21894.55078125
2024-01-15,1383.88232421875,814.1278686523438,1555.4271240234375,22097.44921875
2024-01-16,1364.5255126953125,817.2183837890625,1536.0797119140625,22032.30078125
2024-01-17,1351.5712890625,748.279296875,1544.223388671875,21571.94921875
2024-01-18,1357.8995361328125,723.2880249023438,1546.4830322265625,21462.25
2024-01-19,1357.4031982421875,715.744384765625,1562.1116943359375,21622.400390625
2024-01-23,1318.8138427734375,694.6708374023438,1546.0594482421875,21238.80078125
2024-01-24,1334.00146484375,708.5657348632812,1577.36376953125,21453.94921875
2024-01-25,1343.1337890625,698.3453979492188,1571.4322509765625,21352.599609375
2024-01-29,1437.4111328125,707.9574584960938,1559.6636962890625,21737.599609375
2024-01-30,1397.2830810546875,702.9202270507812,1554.8150634765625,21522.099609375
2024-01-31,1416.1435546875,711.80224609375,1563.712158203125,21725.69921875
2024-02-01,1416.1683349609375,713.651611328125,1560.087646484375,21697.44921875
2024-02-02,1446.9901123046875,703.820556640625,1594.263427734375,21853.80078125
2024-02-05,1428.452392578125,703.1878662109375,1588.4732666015625,21771.69921875
2024-02-06,1417.309814453125,702.8228149414062,1628.2509765625,21929.400390625
2024-02-07,1431.554443359375,695.9362182617188,1594.639892578125,21930.5
2024-02-08,1439.4708251953125,682.844482421875,1593.0865478515625,21717.94921875
2024-02-09,1450.0177001953125,683.1121215820312,1571.6676025390625,21782.5
2024-02-12,1441.679443359375,676.4932250976562,1581.7886962890625,21616.05078125
2024-02-13,1454.3358154296875,678.6588745117188,1585.9783935546875,21743.25
2024-02-14,1470.4912109375,673.597412109375,1568.7020263671875,21840.05078125
2024-02-15,1459.7952880859375,688.197998046875,1578.2581787109375,21910.75
2024-02-16,1449.843994140625,691.0451049804688,1602.07763671875,22040.69921875
2024-02-19,1463.17041015625,689.682373046875,1600.2889404296875,22122.25
2024-02-20,1460.2174072265625,707.787109375,1586.6373291015625,22196.94921875
2024-02-21,1456.916748046875,700.4137573242188,1558.6751708984375,22055.05078125
2024-02-22,1470.8634033203125,690.8748168945312,1582.9656982421875,22217.44921875
2024-02-23,1482.6512451171875,691.3858032226562,1578.7288818359375,22212.69921875
2024-02-26,1476.3974609375,692.213134765625,1563.0059814453125,22122.05078125
2024-02-27,1474.73486328125,691.1668090820312,1566.254150390625,22198.349609375
2024-02-28,1444.930419921875,685.9348754882812,1573.4566650390625,21951.150390625
2024-02-29,1450.0675048828125,683.0147705078125,1575.951416015625,21982.80078125
2024-03-01,1481.1622314453125,696.3256225585938,1557.875,22338.75
2024-03-04,1496.3250732421875,697.274658203125,1541.39892578125,22405.599609375
2024-03-05,1489.1778564453125,701.2410888671875,1512.4954833984375,22356.30078125
2024-03-06,1491.9573974609375,702.0928344726562,1522.8988037109375,22474.05078125
2024-03-07,1468.059326171875,703.7962646484375,1521.8631591796875,22493.55078125
2024-03-11,1455.82470703125,694.889892578125,1506.940673828125,22332.650390625
2024-03-12,1464.5850830078125,710.3421630859375,1518.56787109375,22335.69921875
2024-03-13,1421.6527099609375,710.755859375,1517.108642578125,21997.69921875
2024-03-14,1420.9578857421875,708.3466796875,1556.556884765625,22146.650390625
2024-03-15,1407.80517578125,706.9840698242188,1538.3863525390625,22023.349609375
2024-03-18,1428.8990478515625,703.7719116210938,1508.8707275390625,22055.69921875
2024-03-19,1414.778564453125,705.3779907226562,1470.0814208984375,21817.44921875
2024-03-20,1433.142578125,696.4716796875,1463.9619140625,21839.099609375
2024-03-21,1440.3145751953125,703.6258544921875,1463.7264404296875,22011.94921875
2024-03-22,1444.3348388671875,702.2144775390625,1420.559326171875,22096.75
2024-03-26,1430.983642578125,693.7218627929688,1405.307373046875,22004.69921875
2024-03-27,1481.8819580078125,701.1680908203125,1397.022216796875,22123.650390625
2024-03-28,1474.933349609375,704.6723022460938,1410.391357421875,22326.900390625
2024-04-01,1473.8663330078125,715.67138671875,1407.9434814453125,22462.0
2024-04-02,1476.025146484375,720.367919921875,1396.080810546875,22453.30078125
2024-04-03,1460.7880859375,721.414306640625,1394.009521484375,22434.650390625
2024-04-04,1452.1768798828125,743.4611206054688,1399.7054443359375,22514.650390625
2024-04-05,1449.3724365234375,754.1439208984375,1392.55029296875,22513.69921875
2024-04-08,1475.057373046875,752.7081909179688,1390.29052734375,22666.30078125
2024-04-09,1452.896484375,753.6572265625,1407.378662109375,22642.75
2024-04-10,1468.7044677734375,747.7196655273438,1418.62939453125,22753.80078125
2024-04-12,1456.3707275390625,739.2512817382812,1397.86962890625,22519.400390625
2024-04-15,1454.062744140625,727.4490966796875,1382.2410888671875,22272.5
2024-04-16,1454.9810791015625,734.5304565429688,1331.6832275390625,22147.900390625
2024-04-18,1453.56640625,727.4490966796875,1336.202392578125,21995.849609375
2024-04-19,1459.323974609375,745.2619018554688,1328.67041015625,22147.0
2024-04-22,1468.9774169921875,735.9661254882812,1348.9124755859375,22336.400390625
2024-04-23,1448.603271484375,733.7274169921875,1357.997802734375,22368.0
2024-04-24,1439.5205078125,735.7227783203125,1347.029541015625,22402.400390625
2024-04-25,1449.2484130859375,735.260498046875,1354.2786865234375,22570.349609375
2024-04-26,1441.878173828125,734.7981567382812,1346.55859375,22419.94921875
2024-04-29,1454.2613525390625,744.3858642578125,1350.79541015625,22643.400390625
2024-04-30,1456.2218017578125,739.8109741210938,1337.4263916015625,22604.849609375
2024-05-02,1455.7752685546875,745.7242431640625,1331.6832275390625,22648.19921875
2024-05-03,1423.46435546875,739.567626953125,1333.425048828125,22475.849609375
2024-05-06,1409.095703125,741.0520629882812,1342.4632568359375,22442.69921875
2024-05-07,1391.17822265625,733.021728515625,1356.632568359375,22302.5
2024-05-08,1408.1279296875,721.5845947265625,1343.7813720703125,22302.5
2024-05-09,1383.88232421875,704.4776000976562,1355.3145751953125,21957.5
2024-05-10,1397.0845947265625,709.3616333007812,1341.521728515625,22055.19921875
2024-05-13,1392.394287109375,717.9208984375,1340.156494140625,22104.05078125
2024-05-14,1409.6414794921875,720.7328491210938,1341.3333740234375,22217.849609375
2024-05-15,1405.86962890625,709.6575317382812,1336.861328125,22200.55078125
2024-05-16,1414.8778076171875,720.3875122070312,1368.3070068359375,22403.849609375
2024-05-17,1425.15185546875,722.286865234375,1359.78662109375,22466.099609375
2024-05-21,1425.57373046875,719.6722412109375,1350.23046875,22529.05078125
2024-05-22,1449.9185791015625,719.8695678710938,1369.6722412109375,22597.80078125
2024-05-23,1475.1319580078125,736.3468017578125,1386.2423095703125,22967.650390625
2024-05-24,1469.37451171875,748.4827270507812,1379.369384765625,22957.099609375
2024-05-27,1455.4774169921875,753.6627807617188,1385.253662109375,22932.44921875
2024-05-28,1445.5010986328125,755.0441284179688,1381.20556640625,22888.150390625
2024-05-29,1430.1895751953125,744.0921630859375,1366.0474853515625,22704.69921875
2024-05-30,1414.3814697265625,747.3234252929688,1343.9224853515625,22488.650390625
2024-05-31,1419.8907470703125,755.5620727539062,1351.076904296875,22530.69921875
2024-06-03,1499.228515625,775.6160278320312,1350.11669921875,23263.900390625
2024-06-04,1387.0091552734375,731.684814453125,1338.3526611328125,21884.5
2024-06-05,1410.3116455078125,765.5520629882812,1373.3563232421875,22620.349609375
2024-06-06,1421.0819091796875,769.4493408203125,1413.833984375,22821.400390625
2024-06-07,1459.1500244140625,776.183349609375,1472.749755859375,23290.150390625
2024-06-10,1460.5894775390625,770.2387084960938,1440.242919921875,23259.19921875
2024-06-11,1445.9727783203125,771.9653930664062,1436.4014892578125,23264.849609375
2024-06-12,1452.5738525390625,776.5780029296875,1426.2701416015625,23322.94921875
2024-06-13,1454.4847412109375,779.8340454101562,1434.6729736328125,23398.900390625
2024-06-14,1466.6944580078125,787.80126953125,1429.8233642578125,23465.599609375
2024-06-18,1470.1439208984375,793.1786499023438,1438.7542724609375,23557.900390625
2024-06-19,1447.9332275390625,817.869873046875,1451.382568359375,23516.0
2024-06-20,1462.8726806640625,823.5431518554688,1455.2718505859375,23567.0
2024-06-21,1443.515869140625,821.7671508789062,1471.885498046875,23501.099609375
2024-06-24,1430.88427734375,825.0478515625,1466.5556640625,23537.849609375
2024-06-25,1443.46630859375,844.2631225585938,1480.768310546875,23721.30078125
2024-06-26,1502.9013671875,839.40380859375,1479.5679931640625,23868.80078125
2024-06-27,1519.304931640625,836.7644653320312,1510.9224853515625,24044.5
2024-06-28,1553.89892578125,830.6718139648438,1504.58447265625,24010.599609375
2024-07-01,1548.6875,841.2291259765625,1527.68017578125,24141.94921875
2024-07-02,1553.6756591796875,853.7597045898438,1556.72998046875,24123.849609375
2024-07-03,1541.019287109375,872.5310668945312,1562.8280029296875,24286.5
2024-07-04,1542.6075439453125,852.0578002929688,1585.1553955078125,24302.150390625
2024-07-05,1576.9532470703125,813.0598754882812,1582.0823974609375,24323.849609375
2024-07-08,1589.13818359375,806.7698974609375,1595.718994140625,24320.55078125
2024-07-09,1578.5911865234375,807.3372192382812,1591.3974609375,24433.19921875
2024-07-10,1572.5855712890625,802.2066040039062,1582.8507080078125,24324.44921875
2024-07-11,1569.036865234375,800.1345825195312,1587.1241455078125,24315.94921875
2024-07-12,1584.9937744140625,800.5292358398438,1643.8310546875,24502.150390625
2024-07-15,1585.4901123046875,800.2332763671875,1639.3175048828125,24586.69921875
2024-07-16,1564.669189453125,799.073974609375,1657.563720703125,24613.0
2024-07-18,1575.0177001953125,796.6319580078125,1688.2940673828125,24800.849609375
2024-07-19,1543.7242431640625,792.9320068359375,1721.8092041015625,24530.900390625
2024-07-22,1489.6495361328125,810.3218994140625,1738.9990234375,24509.25
2024-07-23,1476.96826171875,798.407958984375,1764.015380859375,24479.05078125
2024-07-24,1484.7109375,791.3286743164062,1761.182373046875,24413.5
2024-07-25,1481.4351806640625,797.5199584960938,1752.443603515625,24406.099609375
2024-07-26,1497.9381103515625,798.2846069335938,1804.348876953125,24834.849609375
2024-07-29,1508.9317626953125,791.822021484375,1796.8583984375,24836.099609375
2024-07-30,1502.03271484375,797.001953125,1802.6683349609375,24857.30078125
2024-07-31,1494.364501953125,797.1005859375,1794.1214599609375,24951.150390625
2024-08-01,1504.1671142578125,808.471923828125,1779.092529296875,25010.900390625
2024-08-02,1488.3092041015625,818.5111694335938,1748.938232421875,24717.69921875
2024-08-05,1436.6912841796875,797.1005859375,1682.3880615234375,24055.599609375
2024-08-06,1445.3524169921875,789.922607421875,1681.619873046875,23992.55078125
2024-08-07,1454.062744140625,800.9238891601562,1720.5609130859375,24297.5
2024-08-08,1438.478271484375,810.3958740234375,1673.9852294921875,24117.0
2024-08-09,1463.46826171875,814.0958251953125,1700.489990234375,24367.5
2024-08-12,1449.8936767578125,818.9798583984375,1726.0826416015625,24347.0
2024-08-13,1452.8717041015625,790.9092407226562,1726.130615234375,24139.0
2024-08-14,1451.1097412109375,793.1786499023438,1750.9071044921875,24143.75
2024-08-16,1467.339599609375,805.1666259765625,1785.1904296875,24541.150390625
2024-08-19,1482.4791259765625,804.895263671875,1790.8084716796875,24572.650390625
2024-08-20,1489.9990234375,807.9292602539062,1797.9146728515625,24698.849609375
2024-08-21,1492.7132568359375,802.0586547851562,1798.394775390625,24770.19921875
2024-08-22,1492.1654052734375,804.77197265625,1805.6453857421875,24811.5
2024-08-23,1494.008056640625,801.6885986328125,1788.2154541015625,24823.150390625
2024-08-26,1506.5828857421875,809.0392456054688,1801.7080078125,25010.599609375
2024-08-27,1494.481201171875,807.9539184570312,1824.707763671875,25017.75
2024-08-28,1492.33984375,807.6332397460938,1862.1602783203125,25052.349609375
2024-08-29,1514.874755859375,808.3485717773438,1856.638427734375,25151.94921875
2024-08-30,1503.6197509765625,807.5346069335938,1866.5777587890625,25235.900390625
2024-09-02,1510.2183837890625,802.6258544921875,1886.552490234375,25278.69921875
2024-09-03,1503.1217041015625,807.756591796875,1864.22509765625,25279.849609375
2024-09-04,1508.525146484375,809.951904296875,1846.1708984375,25198.69921875
2024-09-05,1487.035888671875,811.7525024414062,1856.4464111328125,25145.099609375
2024-09-06,1458.997802734375,807.5592041015625,1826.3883056640625,24852.150390625
2024-09-09,1456.63232421875,812.2705688476562,1819.4739990234375,24936.400390625
2024-09-10,1455.7110595703125,814.1698608398438,1836.4237060546875,25041.099609375
2024-09-11,1445.7259521484375,810.9879150390625,1834.3590087890625,24918.44921875
2024-09-12,1473.913330078125,822.1865234375,1873.0599365234375,25388.900390625
2024-09-13,1466.766845703125,821.8658447265625,1866.9619140625,25356.5
2024-09-16,1465.4969482421875,824.3324584960938,1872.867919921875,25383.75
2024-09-17,1466.4432373046875,823.2718505859375,1875.07666015625,25418.55078125
2024-09-18,1457.6282958984375,836.0984497070312,1817.0731201171875,25377.55078125
2024-09-19,1463.82861328125,842.8571166992188,1819.0418701171875,25415.80078125
2024-09-20,1480.0140380859375,858.989013671875,1830.1336669921875,25790.94921875
2024-09-23,1487.434326171875,868.1651000976562,1821.2025146484375,25939.05078125
2024-09-24,1483.4501953125,872.2350463867188,1823.2672119140625,25940.400390625
2024-09-25,1488.0069580078125,877.686279296875,1820.0982666015625,26004.150390625
2024-09-26,1491.9910888671875,879.8323364257812,1824.8519287109375,26216.05078125
2024-09-27,1520.1038818359375,864.6376953125,1831.0938720703125,26178.94921875
2024-09-30,1470.701171875,854.47509765625,1801.179931640625,25810.849609375
2024-10-01,1458.997802734375,851.5890502929688,1828.7890625,25796.900390625
2024-10-03,1401.3780517578125,829.7838134765625,1818.2735595703125,25250.099609375
2024-10-04,1381.0093994140625,817.771240234375,1842.04150390625,25014.599609375
2024-10-07,1365.272216796875,798.1119384765625,1857.55078125,24795.75
2024-10-08,1391.791259765625,814.5152587890625,1871.2353515625,25013.150390625
2024-10-09,1369.1318359375,805.6845703125,1875.2686767578125,24981.94921875
2024-10-10,1365.595947265625,820.114501953125,1842.85791015625,24998.44921875
2024-10-11,1366.6417236328125,814.4905395507812,1858.319091796875,24964.25
2024-10-14,1367.0650634765625,832.7931518554688,1881.1746826171875,25127.94921875
2024-10-15,1338.678466796875,830.81982421875,1881.558837890625,25057.349609375
2024-10-16,1348.6884765625,838.565185546875,1843.914306640625,24971.30078125
2024-10-17,1351.0291748046875,825.4178466796875,1890.0096435546875,24749.849609375
2024-10-18,1353.8927001953125,829.7098388671875,1805.0211181640625,24854.05078125
2024-10-21,1363.7532958984375,852.8223876953125,1779.2364501953125,24781.099609375
2024-10-22,1338.006103515625,845.841796875,1778.1319580078125,24472.099609375
2024-10-23,1333.2003173828125,856.3251342773438,1799.0672607421875,24435.5
2024-10-24,1334.4703369140625,863.15771484375,1789.4158935546875,24399.400390625
2024-10-25,1322.5677490234375,860.0744018554688,1788.1676025390625,24180.80078125
2024-10-28,1329.0418701171875,855.5357055664062,1791.336669921875,24339.150390625
2024-10-29,1334.66943359375,864.2430419921875,1786.4317626953125,24466.849609375
2024-10-30,1338.553955078125,855.7330322265625,1750.301025390625,24340.849609375
2024-10-31,1326.7510986328125,856.2757568359375,1706.740234375,24205.349609375
2024-11-01,1333.3248291015625,857.0650634765625,1710.236572265625,24304.349609375
2024-11-04,1296.9700927734375,845.6197509765625,1712.9561767578125,23995.349609375
2024-11-05,1300.1075439453125,867.2030029296875,1703.7777099609375,24213.30078125
2024-11-06,1320.0777587890625,865.9203491210938,1771.2801513671875,24484.05078125
2024-11-07,1300.4561767578125,861.62841796875,1751.2237548828125,24199.349609375
2024-11-08,1278.6431884765625,865.525634765625,1777.3504638671875,24148.19921875
2024-11-11,1267.6370849609375,871.3717041015625,1806.6337890625,24141.30078125
2024-11-12,1269.1810302734375,847.6424560546875,1815.083740234375,23883.44921875
2024-11-13,1247.0693359375,829.463134765625,1814.6953125,23559.05078125
2024-11-14,1262.5574951171875,835.087158203125,1810.9559326171875,23532.69921875
2024-11-18,1255.7347412109375,841.1797485351562,1759.3822021484375,23453.80078125
2024-11-19,1236.710693359375,859.507080078125,1772.2999267578125,23518.5
2024-11-21,1218.1348876953125,858.989013671875,1781.3326416015625,23349.900390625
2024-11-22,1260.3662109375,861.15966796875,1847.572265625,23907.25
2024-11-25,1281.8802490234375,880.8929443359375,1835.383056640625,24221.900390625
2024-11-26,1290.545654296875,880.8683471679688,1868.8427734375,24194.5
2024-11-27,1288.0555419921875,894.06494140625,1869.1827392578125,24274.900390625
2024-11-28,1265.7447509765625,884.6176147460938,1803.282958984375,23914.150390625
2024-11-29,1287.0595703125,886.04833984375,1804.448486328125,24131.099609375
2024-12-02,1303.9422607421875,890.3156127929688,1825.7677001953125,24276.05078125
2024-12-03,1318.035888671875,900.9715576171875,1837.7139892578125,24457.150390625
2024-12-04,1303.742919921875,917.6461791992188,1834.9459228515625,24467.44921875
2024-12-05,1316.7908935546875,920.4335327148438,1879.2352294921875,24708.400390625
2024-12-06,1306.3326416015625,915.5494995117188,1867.1431884765625,24677.80078125
2024-12-09,1289.9979248046875,922.5302124023438,1868.357177734375,24619.0
2024-12-10,1279.73876953125,921.5928344726562,1892.54150390625,24610.05078125
2024-12-11,1273.115234375,919.1261596679688,1917.4056396484375,24641.80078125
2024-12-12,1257.876220703125,917.2268676757812,1929.88623046875,24548.69921875
2024-12-13,1267.78662109375,923.3934936523438,1942.22119140625,24768.30078125
2024-12-16,1263.2547607421875,920.1621704101562,1923.1361083984375,24668.25
2024-12-17,1240.34619140625,904.4002685546875,1919.7852783203125,24336.0
2024-12-18,1248.2645263671875,893.275634765625,1922.261962890625,24198.849609375
2024-12-19,1225.55517578125,884.790283203125,1890.259033203125,23951.69921875
2024-12-20,1200.50537109375,873.93701171875,1866.9002685546875,23587.5
2024-12-23,1217.437744140625,888.4902954101562,1868.988525390625,23753.44921875
2024-12-24,1217.8858642578125,887.0596313476562,1854.1768798828125,23727.650390625
2024-12-26,1211.7105712890625,883.4336547851562,1852.5743408203125,23750.19921875
2024-12-27,1216.1927490234375,887.1336669921875,1861.655517578125,23813.400390625
2024-12-30,1205.8837890625,877.0943603515625,1851.2144775390625,23644.900390625
2024-12-31,1210.6148681640625,874.6029663085938,1825.9617919921875,23644.80078125
2025-01-01,1216.391845703125,879.4869995117188,1828.3900146484375,23742.900390625
2025-01-02,1236.860107421875,884.9136352539062,1901.57421875,24188.650390625
2025-01-03,1246.1729736328125,862.9356689453125,1883.023193359375,24004.75
2025-01-06,1213.15478515625,843.84375,1882.1490478515625,23616.05078125
2025-01-07,1235.913818359375,845.2744140625,1875.3502197265625,23707.900390625
2025-01-08,1260.4658203125,835.8518676757812,1877.5841064453125,23688.94921875
2025-01-09,1249.758544921875,822.778564453125,1862.1898193359375,23526.5
2025-01-10,1236.959716796875,817.3272094726562,1910.4124755859375,23431.5
2025-01-13,1234.9178466796875,804.5499267578125,1905.799072265625,23085.94921875
2025-01-14,1233.822265625,812.3198852539062,1884.285888671875,23176.05078125
2025-01-15,1247.2186279296875,810.568603515625,1893.60986328125,23213.19921875
2025-01-16,1261.4119873046875,815.0086059570312,1873.0191650390625,23311.80078125
2025-01-17,1297.169189453125,807.4605712890625,1763.2672119140625,23203.19921875
2025-01-20,1300.2568359375,814.6138916015625,1761.17919921875,23344.75
2025-01-21,1268.6331787109375,810.2479248046875,1748.941162109375,23024.650390625
2025-01-22,1272.0196533203125,821.9152221679688,1803.0887451171875,23155.349609375
2025-01-23,1258.6231689453125,821.347900390625,1811.8299560546875,23205.349609375
2025-01-24,1241.34228515625,813.8986206054688,1821.5426025390625,23092.19921875
2025-01-27,1224.4595947265625,804.0319213867188,1769.6290283203125,22829.150390625
2025-01-28,1229.4896240234375,824.0612182617188,1777.15625,22957.25
2025-01-29,1230.585205078125,827.4651489257812,1827.1759033203125,23163.099609375
2025-01-30,1248.0654296875,834.4705200195312,1806.488037109375,23249.5
2025-01-31,1260.0673828125,838.047119140625,1825.7677001953125,23508.400390625
2025-02-01,1259.5693359375,834.1991577148438,1798.1353759765625,23482.150390625
2025-02-03,1240.94384765625,827.8104858398438,1809.741943359375,23361.05078125
2025-02-04,1280.08740234375,848.9744873046875,1844.2215576171875,23739.25
2025-02-05,1273.115234375,857.311767578125,1842.521728515625,23696.30078125
2025-02-06,1276.4520263671875,860.29638671875,1860.587158203125,23603.349609375
2025-02-07,1261.6610107421875,854.8204345703125,1848.9320068359375,23559.94921875
2025-02-10,1248.6629638671875,846.4337158203125,1826.2532958984375,23381.599609375
2025-02-11,1229.937744140625,839.3544311523438,1821.7369384765625,23071.80078125
2025-02-12,1211.7105712890625,842.0184326171875,1809.5963134765625,23045.25
2025-02-13,1211.2623291015625,837.5291137695312,1790.268310546875,23031.400390625
2025-02-14,1212.40771484375,836.1231079101562,1803.040283203125,22929.25
2025-02-17,1220.02734375,847.2230834960938,1789.345458984375,22959.5
2025-02-18,1220.525390625,850.0350952148438,1798.7181396484375,22945.30078125
2025-02-19,1222.567138671875,852.0823974609375,1758.7509765625,22932.900390625
2025-02-20,1228.0950927734375,832.2998046875,1772.6884765625,22913.150390625
2025-02-21,1223.264404296875,834.9638061523438,1762.8302001953125,22795.900390625
2025-02-24,1209.718505859375,827.366455078125,1713.3931884765625,22553.349609375
2025-02-25,1199.21044921875,829.9564819335938,1716.8897705078125,22547.55078125
2025-02-27,1202.298095703125,839.0091552734375,1713.5875244140625,22545.05078125
2025-02-28,1195.325927734375,854.6477661132812,1639.189208984375,22124.69921875
2025-03-03,1166.5906982421875,839.428466796875,1659.488525390625,22119.30078125
2025-03-04,1157.2779541015625,843.5971069335938,1639.7720947265625,22082.650390625
2025-03-05,1170.9234619140625,833.73046875,1662.30517578125,22337.30078125
2025-03-06,1204.7882080078125,834.3224487304688,1666.5301513671875,22544.69921875
2025-03-07,1244.828369140625,833.3604736328125,1637.5380859375,22552.5
2025-03-10,1233.4736328125,832.4971313476562,1652.5439453125,22460.30078125
2025-03-11,1242.3382568359375,831.510498046875,1613.83935546875,22497.900390625
2025-03-12,1252.0494384765625,844.1644287109375,1545.123046875,22470.5
2025-03-13,1242.9359130859375,841.9197998046875,1534.439208984375,22397.19921875
2025-03-17,1233.9217529296875,843.79443359375,1544.34619140625,22508.75
2025-03-18,1233.9217529296875,843.79443359375,1544.34619140625,22834.30078125
2025-03-19,1242.1888427734375,860.4197387695312,1540.94677734375,22907.599609375
2025-03-20,1264.101318359375,872.5803833007812,1569.11328125,23190.650390625
2025-03-21,1271.2725830078125,873.3696899414062,1546.7742919921875,23350.400390625
2025-03-24,1296.920166015625,887.9969482421875,1546.968505859375,23658.349609375
2025-03-25,1280.33642578125,898.5789184570312,1581.6422119140625,23668.650390625
2025-03-26,1267.98583984375,891.2283325195312,1553.4759521484375,23486.849609375
2025-03-27,1273.115234375,900.5029296875,1557.4581298828125,23591.94921875
2025-03-28,1270.027587890625,901.908935546875,1525.5037841796875,23519.349609375
2025-04-01,1247.6170654296875,872.1363525390625,1482.6226806640625,23165.69921875
2025-04-02,1246.1729736328125,886.4676513671875,1505.593017578125,23332.349609375
2025-04-03,1243.732666015625,885.456298828125,1453.4849853515625,23250.099609375
2025-04-04,1199.9075927734375,896.5316162109375,1409.9241943359375,22904.44921875
2025-04-07,1161.062744140625,867.1289672851562,1356.602294921875,22161.599609375
2025-04-08,1177.4971923828125,872.7777099609375,1387.7310791015625,22535.849609375
2025-04-09,1180.6346435546875,870.7303466796875,1363.3524169921875,22399.150390625
2025-04-11,1214.1009521484375,891.3269653320312,1368.937255859375,22828.55078125
2025-04-15,1235.1668701171875,920.01416015625,1385.011474609375,23328.55078125
2025-04-16,1234.3701171875,926.476806640625,1372.4822998046875,23437.19921875
2025-04-17,1269.4300537109375,940.6353759765625,1378.6982421875,23851.650390625
2025-04-21,1290.346435546875,950.6994018554688,1409.29296875,24125.55078125
2025-04-22,1286.0635986328125,967.7686767578125,1381.903564453125,24167.25
2025-04-23,1294.82861328125,949.1207885742188,1432.505859375,24328.94921875
2025-04-24,1296.4222412109375,945.6181030273438,1429.1065673828125,24246.69921875
2025-04-25,1295.22705078125,942.8554077148438,1437.653564453125,24039.349609375
2025-04-28,1363.35498046875,947.29541015625,1439.4989013671875,24328.5
2025-04-29,1394.1319580078125,941.6715087890625,1454.4564208984375,24335.94921875
2025-04-30,1399.410888671875,949.6633911132812,1456.9815673828125,24334.19921875
2025-05-02,1414.152099609375,948.1340942382812,1463.586181640625,24346.69921875
2025-05-05,1425.6063232421875,955.4847412109375,1465.2373046875,24461.150390625
2025-05-06,1415.2476806640625,952.9686889648438,1468.0538330078125,24379.599609375
2025-05-07,1400.4068603515625,959.8259887695312,1464.9459228515625,24414.400390625
2025-05-08,1401.4029541015625,951.3900756835938,1467.9569091796875,24273.80078125
2025-05-09,1371.721435546875,932.248779296875,1464.2659912109375,24008.0
2025-05-12,1430.7855224609375,965.5486450195312,1580.136962890625,24924.69921875
2025-05-13,1410.0682373046875,948.4794311523438,1523.5125732421875,24578.349609375
2025-05-14,1418.7337646484375,942.5594482421875,1546.6285400390625,24666.900390625
2025-05-15,1448.4151611328125,954.0047607421875,1566.6363525390625,25062.099609375
2025-05-16,1450.6064453125,954.44873046875,1544.200439453125,25019.80078125
2025-05-19,1435.0684814453125,956.4220581054688,1514.965576171875,24945.44921875
2025-05-20,1418.932861328125,944.6807861328125,1515.7425537109375,24683.900390625
2025-05-21,1423.5145263671875,950.5514526367188,1523.41552734375,24813.44921875
2025-05-22,1403.79345703125,947.1474609375,1503.01904296875,24609.69921875
2025-05-23,1421.124267578125,953.906005859375,1519.8218994140625,24853.150390625
2025-05-26,1429.0924072265625,957.1620483398438,1535.070556640625,25001.150390625
2025-05-27,1416.44287109375,950.3048095703125,1524.9696044921875,24826.19921875
2025-05-28,1407.279541015625,948.9234619140625,1526.6207275390625,24752.44921875
2025-05-29,1412.1600341796875,950.896728515625,1540.0240478515625,24833.599609375
2025-05-30,1415.2476806640625,959.4807739257812,1539.1375732421875,24750.69921875
2025-06-02,1408.0762939453125,953.1660766601562,1530.371826171875,24716.599609375
2025-06-03,1399.908935546875,949.466064453125,1519.734619140625,24542.5
2025-06-04,1417.8372802734375,957.6553955078125,1527.8109130859375,24620.19921875
2025-06-05,1436.662109375,961.7993774414062,1530.8642578125,24750.900390625
2025-06-06,1437.7576904296875,976.1552734375,1540.2210693359375,25003.05078125
2025-06-09,1443.0367431640625,976.2539672851562,1549.183837890625,25103.19921875
2025-06-10,1432.777587890625,969.5447387695312,1571.935546875,25104.25
2025-06-11,1443.13623046875,962.194091796875,1606.5062255859375,25141.400390625
2025-06-12,1435.865234375,958.74072265625,1584.345458984375,24888.19921875
2025-06-13,1422.2198486328125,946.0127563476562,1577.844970703125,24718.599609375
2025-06-16,1432.0804443359375,954.7940673828125,1599.31640625,24946.5
2025-06-17,1425.506591796875,951.9327392578125,1615.173583984375,24853.400390625
2025-06-18,1424.4110107421875,954.0540771484375,1608.2791748046875,24812.05078125
2025-06-19,1427.598388671875,954.7447509765625,1593.997802734375,24793.25
2025-06-20,1460.367431640625,969.2486572265625,1598.429931640625,25112.400390625
2025-06-23,1451.0048828125,961.2073364257812,1560.116455078125,24971.900390625
2025-06-24,1445.0286865234375,967.3740234375,1557.7525634765625,25044.349609375
2025-06-25,1461.463134765625,976.8953247070312,1590.550537109375,25244.75
2025-06-26,1489.3516845703125,997.41796875,1591.6339111328125,25549.0
2025-06-27,1509.3717041015625,1004.9491577148438,1583.7545166015625,25637.80078125
2025-06-30,1494.630615234375,998.2658081054688,1577.6480712890625,25517.05078125
2025-07-01,1522.320068359375,1003.5526123046875,1582.57275390625,25541.80078125
2025-07-02,1512.75830078125,990.5350341796875,1586.2169189453125,25453.400390625
2025-07-03,1511.76220703125,991.0836181640625,1594.293212890625,25405.30078125
2025-07-04,1521.2244873046875,992.1809692382812,1615.96142578125,25461.0
2025-07-07,1535.367919921875,991.2332763671875,1602.4681396484375,25461.30078125
2025-07-08,1531.4833984375,998.2159423828125,1613.9915771484375,25522.5
2025-07-09,1512.9573974609375,1003.1036987304688,1609.0670166015625,25476.099609375
2025-07-10,1511.16455078125,1000.6099243164062,1591.43701171875,25355.25
2025-07-11,1489.2520751953125,989.3878784179688,1570.85205078125,25149.849609375
2025-07-14,1477.7977294921875,989.0387573242188,1546.623046875,25082.30078125
2025-07-15,1479.4910888671875,995.2732543945312,1561.6922607421875,25195.80078125
2025-07-16,1479.690185546875,995.6722412109375,1583.6561279296875,25212.05078125
2025-07-17,1470.52685546875,990.98388671875,1559.6240234375,25111.44921875
2025-07-18,1470.12841796875,976.2705078125,1562.1846923828125,24968.400390625
2025-07-21,1422.9169921875,997.7670288085938,1560.4119873046875,25090.69921875
2025-07-22,1407.179931640625,1001.058837890625,1547.2139892578125,25060.900390625
2025-07-23,1418.932861328125,1009.6375122070312,1550.7596435546875,25219.900390625
2025-07-24,1397.3192138671875,1004.5999755859375,1529.0914306640625,25062.099609375
2025-07-25,1386.1636962890625,1002.2999877929688,1492.84619140625,24837.0
2025-07-28,1382.080078125,1004.25,1493.1417236328125,24680.900390625
2025-07-29,1411.4627685546875,1010.7999877929688,1490.8763427734375,24821.099609375
2025-07-30,1404.4906005859375,1012.9000244140625,1496.0965576171875,24855.05078125
2025-07-31,1384.669677734375,1009.0999755859375,1486.247314453125,24768.349609375
2025-08-01,1388.15576171875,1006.0999755859375,1447.4412841796875,24565.349609375
2025-08-04,1405.885009765625,996.0,1458.177001953125,24722.75
2025-08-05,1386.1636962890625,988.7999877929688,1438.2816162109375,24649.55078125
2025-08-06,1387.259521484375,992.6500244140625,1415.037353515625,24574.19921875
2025-08-07,1383.8729248046875,997.7000122070312,1415.234375,24596.150390625
2025-08-08,1362.35888671875,986.9500122070312,1401.6424560546875,24363.30078125
2025-08-11,1380.6856689453125,997.7999877929688,1406.66552734375,24585.05078125
2025-08-12,1374.9088134765625,984.9500122070312,1402.62744140625,24487.400390625
2025-08-13,1377.0999755859375,990.1500244140625,1405.0897216796875,24619.349609375
2025-08-14,1373.800048828125,995.5499877929688,1425.8714599609375,24631.30078125
2025-08-18,1381.699951171875,1001.7999877929688,1414.1510009765625,24876.94921875
2025-08-19,1420.0999755859375,995.5499877929688,1418.2877197265625,24980.650390625
2025-08-20,1413.0,994.0999755859375,1473.6402587890625,25050.55078125
2025-08-21,1424.800048828125,995.5999755859375,1473.8372802734375,25083.75
2025-08-22,1409.199951171875,982.2999877929688,1465.0714111328125,24870.099609375
2025-08-25,1412.5999755859375,982.0499877929688,1508.9989013671875,24967.75
2025-08-26,1384.9000244140625,973.4000244140625,1506.53662109375,24712.05078125
2025-08-28,1385.9000244140625,957.7999877929688,1477.4814453125,24500.900390625
2025-08-29,1357.199951171875,951.5999755859375,1447.4412841796875,24426.849609375
2025-09-01,1353.9000244140625,950.5999755859375,1476.7921142578125,24625.05078125
2025-09-02,1366.5,944.5,1476.1025390625,24579.599609375
2025-09-03,1372.5999755859375,954.4500122070312,1456.798095703125,24715.05078125
2025-09-04,1359.300048828125,961.25,1440.94091796875,24734.30078125
2025-09-05,1375.0,963.4000244140625,1422.8182373046875,24741.0
2025-09-08,1378.5,966.0,1411.2947998046875,24773.150390625
2025-09-09,1376.199951171875,965.1500244140625,1481.6181640625,24868.599609375
2025-09-10,1377.0,965.9000244140625,1509.491455078125,24973.099609375
2025-09-11,1383.300048828125,967.7999877929688,1486.9366455078125,25005.5
2025-09-12,1395.0,967.2999877929688,1502.596923828125,25114.0
2025-09-15,1399.300048828125,967.0499877929688,1485.6563720703125,25069.19921875
2025-09-16,1405.300048828125,966.8499755859375,1488.5126953125,25239.099609375
2025-09-17,1413.800048828125,966.5,1499.4453125,25330.25
2025-09-18,1415.0,976.9000244140625,1517.370849609375,25423.599609375
2025-09-19,1407.4000244140625,966.9000244140625,1516.976806640625,25327.05078125
2025-09-22,1390.5999755859375,964.2000122070312,1476.8905029296875,25202.349609375
2025-09-23,1389.800048828125,957.2000122070312,1474.920654296875,25169.5
2025-09-24,1383.0,951.0499877929688,1472.0643310546875,25056.900390625
2025-09-25,1372.4000244140625,949.8499755859375,1462.4122314453125,24890.849609375
2025-09-26,1377.5999755859375,945.0499877929688,1427.053466796875,24654.69921875
2025-09-29,1372.800048828125,950.2999877929688,1420.060546875,24634.900390625
2025-09-30,1364.0,951.0,1420.060546875,24611.099609375
2025-10-01,1368.699951171875,965.25,1424.000244140625,24836.30078125
2025-10-03,1363.4000244140625,965.1500244140625,1424.7880859375,24894.25
2025-10-06,1375.0,973.4500122070312,1453.744873046875,25077.650390625
2025-10-07,1384.800048828125,982.5,1436.5086669921875,25108.30078125
2025-10-08,1367.4000244140625,978.7000122070312,1472.4583740234375,25046.150390625
2025-10-09,1377.800048828125,977.0999755859375,1486.5428466796875,25181.80078125
2025-10-10,1381.699951171875,980.9000244140625,1492.058349609375,25285.349609375
2025-10-13,1375.0,977.0,1470.6854248046875,25227.349609375
2025-10-14,1375.9000244140625,977.1500244140625,1467.435302734375,25145.5
2025-10-15,1374.300048828125,978.25,1452.1690673828125,25323.55078125
2025-10-16,1398.300048828125,994.3499755859375,1449.312744140625,25585.30078125
2025-10-17,1416.800048828125,1002.5499877929688,1419.37109375,25709.849609375
2025-10-20,1466.800048828125,1002.9500122070312,1438.87255859375,25843.150390625
2025-10-21,1465.199951171875,1007.7000122070312,1450.19921875,25868.599609375
2025-10-23,1448.4000244140625,1008.7999877929688,1505.4532470703125,25891.400390625
2025-10-24,1451.5999755859375,994.75,1502.4000244140625,25795.150390625
2025-10-27,1484.0999755859375,1002.9500122070312,1504.5,25966.05078125
2025-10-28,1486.9000244140625,1003.5499877929688,1500.199951171875,25936.19921875
2025-10-29,1504.199951171875,1007.8499755859375,1510.4000244140625,26053.900390625
2025-10-30,1488.5,998.1500244140625,1493.800048828125,25877.849609375
2025-10-31,1486.4000244140625,987.2999877929688,1482.300048828125,25722.099609375
2025-11-03,1484.699951171875,992.6500244140625,1485.5,25763.349609375
2025-11-04,1473.0999755859375,985.25,1467.9000244140625,25597.650390625
2025-11-06,1496.0999755859375,984.6500244140625,1466.699951171875,25509.69921875
2025-11-07,1478.0,982.2999877929688,1476.800048828125,25492.30078125
2025-11-10,1489.300048828125,984.5,1513.5,25574.349609375
2025-11-11,1493.4000244140625,991.7000122070312,1530.300048828125,25694.94921875
2025-11-12,1511.5,989.5,1551.699951171875,25875.80078125
2025-11-13,1510.9000244140625,986.6500244140625,1541.800048828125,25879.150390625
2025-11-14,1518.9000244140625,989.5999755859375,1502.800048828125,25910.05078125
2025-11-17,1518.300048828125,996.5499877929688,1507.5999755859375,26013.44921875
2025-11-18,1519.4000244140625,992.4500122070312,1486.4000244140625,25910.05078125
2025-11-19,1518.9000244140625,994.5999755859375,1541.0999755859375,26052.650390625
2025-11-20,1549.0999755859375,1008.8499755859375,1536.5,26192.150390625
2025-11-21,1546.5999755859375,998.0499877929688,1545.0,26068.150390625
2025-11-24,1535.9000244140625,999.1500244140625,1548.0,25959.5
2025-11-25,1539.699951171875,989.7999877929688,1530.5999755859375,25884.80078125
2025-11-26,1569.9000244140625,1003.9000244140625,1557.9000244140625,26205.30078125
2025-11-27,1563.4000244140625,1009.5,1566.4000244140625,26215.55078125
2025-11-28,1567.5,1007.5999755859375,1560.0999755859375,26202.94921875
2025-12-01,1566.0999755859375,1002.0999755859375,1564.0,26175.75
2025-12-02,1546.300048828125,989.7999877929688,1561.0,26032.19921875
2025-12-03,1538.800048828125,1000.5,1578.699951171875,25986.0
2025-12-04,1535.5999755859375,997.2000122070312,1597.5999755859375,26033.75
2025-12-05,1540.5999755859375,1003.2999877929688,1616.199951171875,26186.44921875
2025-12-08,1543.0,1003.0999755859375,1610.800048828125,25960.55078125
2025-12-09,1529.4000244140625,997.0999755859375,1599.0,25839.650390625
2025-12-10,1536.9000244140625,989.7999877929688,1584.800048828125,25758.0
2025-12-11,1545.0,1000.2999877929688,1598.0,25898.55078125
2025-12-12,1556.5,1001.5,1598.199951171875,26046.94921875
2025-12-15,1556.199951171875,996.0999755859375,1606.800048828125,26027.30078125
2025-12-16,1542.300048828125,994.2999877929688,1592.9000244140625,25860.099609375
2025-12-17,1544.4000244140625,984.0,1602.0,25818.55078125
2025-12-18,1544.4000244140625,979.7000122070312,1626.800048828125,25815.55078125
2025-12-19,1565.0999755859375,985.5,1638.699951171875,25966.400390625
2025-12-22,1575.4000244140625,987.7000122070312,1689.5999755859375,26172.400390625
2025-12-23,1570.699951171875,996.5999755859375,1668.300048828125,26177.150390625
2025-12-24,1558.199951171875,997.2000122070312,1663.4000244140625,26142.099609375
2025-12-26,1559.199951171875,992.0999755859375,1656.0999755859375,26042.30078125
2025-12-29,1545.5999755859375,991.7000122070312,1644.699951171875,25942.099609375
2025-12-30,1539.800048828125,990.9000244140625,1621.5999755859375,25938.849609375
2025-12-31,1570.4000244140625,991.2000122070312,1615.4000244140625,26129.599609375
2026-01-01,1575.5999755859375,991.1500244140625,1629.800048828125,26146.55078125
2026-01-02,1592.300048828125,1001.5999755859375,1640.4000244140625,26328.55078125
2026-01-05,1578.0999755859375,977.5,1606.4000244140625,26250.30078125
2026-01-06,1507.5999755859375,962.2000122070312,1612.199951171875,26178.69921875
2026-01-07,1504.199951171875,949.0499877929688,1639.0,26140.75
2026-01-08,1470.5999755859375,946.7000122070312,1613.300048828125,25876.849609375
2026-01-09,1475.300048828125,939.0,1614.0999755859375,25683.30078125
2026-01-12,1483.199951171875,936.9500122070312,1595.9000244140625,25790.25
2026-01-13,1452.800048828125,937.3499755859375,1599.0,25732.30078125
2026-01-14,1458.800048828125,925.4500122070312,1599.800048828125,25665.599609375
2026-01-15,1458.800048828125,925.4500122070312,1599.800048828125,25665.599609375
2026-01-16,1457.9000244140625,931.0999755859375,1689.800048828125,25694.349609375
2026-01-19,1413.5999755859375,927.9000244140625,1681.199951171875,25585.5
2026-01-20,1394.0,931.2000122070312,1658.9000244140625,25232.5
2026-01-21,1404.5999755859375,920.3499755859375,1654.4000244140625,25157.5
2026-01-22,1402.5,918.7000122070312,1663.5,25289.900390625
2026-01-23,1386.0999755859375,916.0999755859375,1670.800048828125,25048.650390625
2026-01-27,1380.5,926.4000244140625,1682.699951171875,25175.400390625
2026-01-28,1396.699951171875,932.7000122070312,1666.5,25342.75
2026-01-29,1391.0,935.5,1659.5,25418.900390625
2026-01-30,1395.4000244140625,929.25,1641.0,25320.650390625
2026-02-02,1390.4000244140625,928.0999755859375,1629.4000244140625,25088.400390625
2026-02-03,1437.0999755859375,948.7000122070312,1656.0,25727.55078125
2026-02-04,1456.800048828125,953.0999755859375,1535.800048828125,25776.0
2026-02-05,1443.4000244140625,949.7000122070312,1520.199951171875,25642.80078125
2026-02-06,1450.800048828125,941.0999755859375,1507.0999755859375,25693.69921875
2026-02-09,1461.5999755859375,937.25,1497.199951171875,25867.30078125
2026-02-10,1458.5,932.4000244140625,1497.800048828125,25935.150390625
2026-02-11,1468.699951171875,927.0999755859375,1471.9000244140625,25953.849609375
2026-02-12,1448.9000244140625,920.5999755859375,1386.0,25807.19921875
2026-02-13,1419.5999755859375,903.9000244140625,1369.0999755859375,25471.099609375
2026-02-16,1437.0999755859375,925.7999877929688,1365.5999755859375,25682.75
2026-02-17,1423.0,925.7000122070312,1391.199951171875,25725.400390625
2026-02-18,1441.300048828125,924.7000122070312,1373.699951171875,25819.349609375
2026-02-19,1409.5,915.5999755859375,1370.5,25454.349609375
2026-02-20,1419.4000244140625,911.8499755859375,1353.199951171875,25571.25
2026-02-23,1428.0,923.5999755859375,1327.5,25713.0
2026-02-24,1428.800048828125,910.5,1275.5,25424.650390625
2026-02-25,1398.5,907.5999755859375,1290.0999755859375,25482.5
2026-02-26,1406.800048828125,898.5999755859375,1289.0999755859375,25496.55078125
2026-02-27,1393.9000244140625,887.75,1300.0999755859375,25178.650390625
2026-03-02,1358.0,879.4000244140625,1288.9000244140625,24865.69921875
2026-03-04,1345.0,868.6500244140625,1307.4000244140625,24480.5
2026-03-05,1389.4000244140625,877.75,1305.800048828125,24765.900390625
2026-03-06,1404.800048828125,857.0499877929688,1308.4000244140625,24450.44921875
2026-03-09,1424.0,840.7000122070312,1315.0,24028.05078125
2026-03-10,1408.800048828125,849.4500122070312,1295.5999755859375,24261.599609375
2026-03-11,1390.199951171875,833.9500122070312,1276.300048828125,23866.849609375
2026-03-12,1392.199951171875,832.75,1265.800048828125,23639.150390625
2026-03-13,1380.699951171875,817.0,1248.300048828125,23151.099609375
2026-03-16,1395.0999755859375,840.5999755859375,1249.800048828125,23408.80078125
2026-03-17,1397.5999755859375,845.3499755859375,1232.9000244140625,23581.150390625
2026-03-18,1408.0999755859375,843.0499877929688,1267.0999755859375,23777.80078125
2026-03-19,1384.800048828125,798.2000122070312,1220.800048828125,23002.150390625
2026-03-20,1414.4000244140625,780.4500122070312,1255.9000244140625,23114.5
2026-03-23,1407.800048828125,744.1500244140625,1256.800048828125,22512.650390625
2026-03-24,1411.800048828125,764.9000244140625,1278.300048828125,22912.400390625
2026-03-25,1413.0999755859375,782.2999877929688,1279.0999755859375,23306.44921875
2026-03-27,1348.0999755859375,756.2000122070312,1269.699951171875,22819.599609375
2026-03-30,1343.9000244140625,731.5499877929688,1250.5999755859375,22331.400390625
2026-04-01,1369.199951171875,742.25,1275.699951171875,22679.400390625
2026-04-02,1350.5,750.9000244140625,1300.800048828125,22713.099609375
2026-04-06,1304.699951171875,771.0,1306.199951171875,22968.25
2026-04-07,1304.5999755859375,772.0,1339.4000244140625,23123.650390625
2026-04-08,1347.800048828125,816.0999755859375,1346.199951171875,23997.349609375
2026-04-09,1330.0,797.7000122070312,1331.5999755859375,23775.099609375
2026-04-10,1350.199951171875,810.2999877929688,1292.5,24050.599609375
2026-04-13,1315.0999755859375,794.7000122070312,1276.800048828125,23842.650390625
2026-04-15,1344.0999755859375,809.9000244140625,1305.300048828125,24231.30078125
2026-04-16,1343.300048828125,795.4500122070312,1319.199951171875,24196.75
2026-04-17,1365.0,799.9000244140625,1318.699951171875,24353.55078125
2026-04-20,1363.300048828125,795.4500122070312,1312.5999755859375,24364.849609375
2026-04-21,1353.300048828125,811.75,1313.199951171875,24576.599609375
2026-04-22,1362.0999755859375,799.9000244140625,1268.5999755859375,24378.099609375
2026-04-23,1343.4000244140625,784.3499755859375,1240.5999755859375,24173.05078125
2026-04-24,1327.800048828125,784.8499755859375,1154.5999755859375,23897.94921875
2026-04-27,1365.800048828125,789.7999877929688,1170.300048828125,24092.69921875
2026-04-28,1388.9000244140625,782.5499877929688,1152.0999755859375,23995.69921875
2026-04-29,1425.4000244140625,779.0,1167.5,24177.650390625
2026-04-30,1430.800048828125,771.7000122070312,1181.800048828125,23997.55078125
2026-05-01,1430.800048828125,771.7000122070312,1181.800048828125,23997.55078125
2026-05-04,1463.0999755859375,779.4000244140625,1168.4000244140625,24119.30078125
2026-05-05,1463.5999755859375,772.2999877929688,1178.0999755859375,24032.80078125
2026-05-06,1437.9000244140625,796.5499877929688,1167.199951171875,24330.94921875
2026-05-07,1436.199951171875,796.0499877929688,1162.699951171875,24326.650390625
2026-05-08,1435.199951171875,780.8499755859375,1179.199951171875,24176.150390625
2026-05-11,1388.199951171875,763.6500244140625,1177.0,23815.849609375
2026-05-12,1364.0,750.4500122070312,1140.300048828125,23379.55078125
2026-05-13,1358.800048828125,749.5999755859375,1123.0999755859375,23412.599609375
2026-05-14,1361.800048828125,769.5499877929688,1095.0,23689.599609375
2026-05-15,1336.4000244140625,767.5,1119.0,23643.5
2026-05-18,1335.9000244140625,768.6500244140625,1142.5,23649.94921875
2026-05-19,1322.699951171875,762.4500122070312,1196.9000244140625,23618.0
2026-05-20,1359.699951171875,759.5,1193.699951171875,23659.0
